transactionId,type,amount,category,date,paymentMethod,merchant,actualAnomaly,anomalyType
"INC0001","income","12075","Salary","2026-01-01","Bank Transfer","Employer","0","none"
"EXP0032","expense","302.72","Food","2026-01-02","Cash","Food Merchant","0","none"
"EXP0127","expense","1139.75","Utilities","2026-01-02","Card","Utilities Merchant","0","none"
"EXP0158","expense","561.97","Shopping","2026-01-02","Wallet","Shopping Merchant","0","none"
"EXP0021","expense","390.77","Food","2026-01-03","Wallet","Food Merchant","0","none"
"EXP0045","expense","740.52","Healthcare","2026-01-04","UPI","Healthcare Merchant","0","none"
"EXP0092","expense","214.53","Healthcare","2026-01-04","UPI","Healthcare Merchant","0","none"
"EXP0172","expense","101.08","Transport","2026-01-04","Card","Transport Merchant","0","none"
"EXP0016","expense","786.03","Shopping","2026-01-05","Wallet","Shopping Merchant","0","none"
"EXP0113","expense","722","Education","2026-01-05","Cash","Education Merchant","0","none"
"EXP0171","expense","874.6","Other","2026-01-06","Cash","Other Merchant","0","none"
"INC0002","income","15191.16","Salary","2026-01-06","Bank Transfer","Employer","0","none"
"EXP0017","expense","301.54","Groceries","2026-01-07","Wallet","Groceries Merchant","0","none"
"EXP0020","expense","997.45","Groceries","2026-01-08","Net Banking","Groceries Merchant","0","none"
"EXP0025","expense","1836.95","Bills","2026-01-08","Net Banking","Bills Merchant","0","none"
"EXP0089","expense","1331.28","Groceries","2026-01-10","UPI","Groceries Merchant","0","none"
"EXP0091","expense","694.58","Food","2026-01-10","Card","Food Merchant","0","none"
"EXP0095","expense","152.99","Other","2026-01-10","Wallet","Other Merchant","0","none"
"EXP0154","expense","133.91","Food","2026-01-10","UPI","Food Merchant","0","none"
"EXP0118","expense","389.36","Transport","2026-01-11","Cash","Transport Merchant","0","none"
"EXP0167","expense","1792.32","Bills","2026-01-11","Card","Bills Merchant","0","none"
"INC0003","income","19279.27","Salary","2026-01-11","Bank Transfer","Employer","0","none"
"EXP0115","expense","2158.56","Travel","2026-01-12","Wallet","Travel Merchant","0","none"
"EXP0122","expense","468.88","Transport","2026-01-12","Wallet","Transport Merchant","0","none"
"EXP0180","expense","801.89","Education","2026-01-12","Wallet","Education Merchant","0","none"
"EXP0159","expense","223.45","Transport","2026-01-13","Cash","Transport Merchant","0","none"
"ANM0001","expense","15000","Shopping","2026-01-13","Card","Shopping Merchant","1","extreme_amount"
"EXP0107","expense","336.69","Groceries","2026-01-14","UPI","Groceries Merchant","0","none"
"EXP0138","expense","378.14","Food","2026-01-15","Cash","Food Merchant","0","none"
"EXP0043","expense","2941.78","Travel","2026-01-16","Card","Travel Merchant","0","none"
"EXP0176","expense","1292.6","Bills","2026-01-16","Card","Bills Merchant","0","none"
"INC0004","income","11917.05","Salary","2026-01-16","Bank Transfer","Employer","0","none"
"EXP0003","expense","998.59","Groceries","2026-01-17","Card","Groceries Merchant","0","none"
"EXP0189","expense","1037.58","Groceries","2026-01-17","Wallet","Groceries Merchant","0","none"
"EXP0128","expense","2268.17","Education","2026-01-18","Cash","Education Merchant","0","none"
"EXP0130","expense","408.19","Food","2026-01-18","Wallet","Food Merchant","0","none"
"EXP0141","expense","820.9","Other","2026-01-18","Wallet","Other Merchant","0","none"
"EXP0054","expense","4324.65","Travel","2026-01-19","Wallet","Travel Merchant","0","none"
"EXP0096","expense","1107.35","Utilities","2026-01-19","UPI","Utilities Merchant","0","none"
"EXP0131","expense","857.04","Groceries","2026-01-19","Wallet","Groceries Merchant","0","none"
"EXP0057","expense","422.07","Transport","2026-01-20","UPI","Transport Merchant","0","none"
"EXP0097","expense","2926.45","Shopping","2026-01-20","UPI","Shopping Merchant","0","none"
"EXP0108","expense","983.7","Entertainment","2026-01-20","Cash","Entertainment Merchant","0","none"
"EXP0129","expense","733.69","Groceries","2026-01-20","Wallet","Groceries Merchant","0","none"
"EXP0160","expense","241.47","Entertainment","2026-01-20","UPI","Entertainment Merchant","0","none"
"EXP0101","expense","384.54","Groceries","2026-01-21","Net Banking","Groceries Merchant","0","none"
"EXP0178","expense","2640.59","Shopping","2026-01-21","Wallet","Shopping Merchant","0","none"
"INC0005","income","23654.54","Salary","2026-01-21","Bank Transfer","Employer","0","none"
"EXP0123","expense","774.87","Groceries","2026-01-22","Card","Groceries Merchant","0","none"
"EXP0183","expense","1758.82","Shopping","2026-01-23","Cash","Shopping Merchant","0","none"
"EXP0155","expense","574.9","Food","2026-01-24","Cash","Food Merchant","0","none"
"EXP0063","expense","549.13","Groceries","2026-01-25","Card","Groceries Merchant","0","none"
"EXP0145","expense","443.08","Groceries","2026-01-25","Card","Groceries Merchant","0","none"
"ANM0002","expense","18000","Travel","2026-01-25","Card","Travel Merchant","1","extreme_amount"
"INC0006","income","24681.69","Salary","2026-01-26","Bank Transfer","Employer","0","none"
"EXP0148","expense","573.57","Food","2026-01-27","Card","Food Merchant","0","none"
"EXP0150","expense","314.12","Food","2026-01-27","Cash","Food Merchant","0","none"
"EXP0112","expense","1051.85","Bills","2026-01-29","Wallet","Bills Merchant","0","none"
"EXP0042","expense","542.26","Food","2026-01-30","Wallet","Food Merchant","0","none"
"EXP0051","expense","816.56","Other","2026-01-30","Wallet","Other Merchant","0","none"
"EXP0061","expense","141.97","Transport","2026-01-30","UPI","Transport Merchant","0","none"
"EXP0079","expense","1485.4","Groceries","2026-01-30","Cash","Groceries Merchant","0","none"
"EXP0132","expense","1402.68","Other","2026-01-30","UPI","Other Merchant","0","none"
"INC0007","income","18865.31","Salary","2026-01-31","Bank Transfer","Employer","0","none"
"EXP0018","expense","181.88","Transport","2026-02-01","UPI","Transport Merchant","0","none"
"EXP0028","expense","1847.74","Healthcare","2026-02-01","UPI","Healthcare Merchant","0","none"
"EXP0073","expense","1090.7","Entertainment","2026-02-01","UPI","Entertainment Merchant","0","none"
"EXP0140","expense","1538.17","Bills","2026-02-01","Cash","Bills Merchant","0","none"
"EXP0094","expense","960.54","Shopping","2026-02-02","Net Banking","Shopping Merchant","0","none"
"EXP0030","expense","1344.96","Groceries","2026-02-03","Net Banking","Groceries Merchant","0","none"
"EXP0033","expense","1606.88","Bills","2026-02-03","Net Banking","Bills Merchant","0","none"
"EXP0099","expense","422.59","Entertainment","2026-02-03","Card","Entertainment Merchant","0","none"
"EXP0035","expense","378.99","Food","2026-02-04","Cash","Food Merchant","0","none"
"EXP0133","expense","2696.83","Travel","2026-02-04","Wallet","Travel Merchant","0","none"
"EXP0142","expense","684.82","Food","2026-02-04","UPI","Food Merchant","0","none"
"EXP0182","expense","274.93","Food","2026-02-04","UPI","Food Merchant","0","none"
"EXP0077","expense","822.95","Education","2026-02-05","Net Banking","Education Merchant","0","none"
"INC0008","income","12092.16","Salary","2026-02-05","Bank Transfer","Employer","0","none"
"EXP0001","expense","1533.89","Shopping","2026-02-06","Card","Shopping Merchant","0","none"
"EXP0011","expense","518.2","Healthcare","2026-02-06","Net Banking","Healthcare Merchant","0","none"
"EXP0047","expense","488.8","Other","2026-02-06","Net Banking","Other Merchant","0","none"
"EXP0072","expense","513.32","Groceries","2026-02-06","Net Banking","Groceries Merchant","0","none"
"EXP0169","expense","773.89","Entertainment","2026-02-06","Cash","Entertainment Merchant","0","none"
"EXP0185","expense","1523.73","Utilities","2026-02-06","UPI","Utilities Merchant","0","none"
"ANM0003","expense","25000","Electronics","2026-02-06","Card","Electronics Merchant","1","extreme_amount"
"EXP0022","expense","387.37","Food","2026-02-07","Wallet","Food Merchant","0","none"
"EXP0053","expense","341.54","Groceries","2026-02-07","Wallet","Groceries Merchant","0","none"
"EXP0060","expense","912.29","Utilities","2026-02-07","Wallet","Utilities Merchant","0","none"
"EXP0074","expense","616.19","Food","2026-02-07","UPI","Food Merchant","0","none"
"EXP0078","expense","1569.62","Utilities","2026-02-07","Wallet","Utilities Merchant","0","none"
"EXP0102","expense","4507.61","Travel","2026-02-08","Card","Travel Merchant","0","none"
"EXP0139","expense","419.71","Transport","2026-02-08","UPI","Transport Merchant","0","none"
"EXP0027","expense","1356.64","Groceries","2026-02-09","Net Banking","Groceries Merchant","0","none"
"EXP0152","expense","2470.13","Travel","2026-02-09","Wallet","Travel Merchant","0","none"
"EXP0164","expense","1343.8","Groceries","2026-02-09","UPI","Groceries Merchant","0","none"
"EXP0174","expense","497.66","Transport","2026-02-09","Cash","Transport Merchant","0","none"
"EXP0135","expense","122.02","Transport","2026-02-10","Card","Transport Merchant","0","none"
"EXP0136","expense","137.3","Food","2026-02-10","Wallet","Food Merchant","0","none"
"INC0009","income","19789.4","Salary","2026-02-10","Bank Transfer","Employer","0","none"
"EXP0012","expense","1114.33","Shopping","2026-02-11","Wallet","Shopping Merchant","0","none"
"EXP0013","expense","177.05","Transport","2026-02-11","Card","Transport Merchant","0","none"
"EXP0117","expense","545.63","Bills","2026-02-11","UPI","Bills Merchant","0","none"
"EXP0126","expense","2495.89","Travel","2026-02-13","Wallet","Travel Merchant","0","none"
"EXP0048","expense","125.31","Food","2026-02-15","Card","Food Merchant","0","none"
"EXP0090","expense","1092.22","Healthcare","2026-02-15","Net Banking","Healthcare Merchant","0","none"
"EXP0125","expense","1067.89","Groceries","2026-02-15","Net Banking","Groceries Merchant","0","none"
"EXP0179","expense","343.38","Shopping","2026-02-15","Wallet","Shopping Merchant","0","none"
"INC0010","income","7450.76","Salary","2026-02-15","Bank Transfer","Employer","0","none"
"EXP0026","expense","845.72","Groceries","2026-02-16","Cash","Groceries Merchant","0","none"
"EXP0036","expense","792.7","Utilities","2026-02-16","UPI","Utilities Merchant","0","none"
"EXP0014","expense","805.44","Shopping","2026-02-17","UPI","Shopping Merchant","0","none"
"ANM0004","expense","12000","Travel","2026-02-18","Card","Travel Merchant","1","unusual_category"
"EXP0007","expense","257.11","Food","2026-02-19","Net Banking","Food Merchant","0","none"
"EXP0024","expense","2877.34","Bills","2026-02-19","Net Banking","Bills Merchant","0","none"
"EXP0116","expense","453.22","Food","2026-02-19","Wallet","Food Merchant","0","none"
"EXP0168","expense","2033.72","Shopping","2026-02-19","Cash","Shopping Merchant","0","none"
"EXP0049","expense","506.07","Food","2026-02-20","Wallet","Food Merchant","0","none"
"INC0011","income","23948.32","Salary","2026-02-20","Bank Transfer","Employer","0","none"
"EXP0083","expense","2087.31","Education","2026-02-21","Card","Education Merchant","0","none"
"EXP0162","expense","493.98","Transport","2026-02-21","Card","Transport Merchant","0","none"
"EXP0103","expense","143.72","Transport","2026-02-22","Net Banking","Transport Merchant","0","none"
"EXP0062","expense","2338.07","Education","2026-02-23","Card","Education Merchant","0","none"
"EXP0093","expense","2466.94","Bills","2026-02-23","Cash","Bills Merchant","0","none"
"EXP0119","expense","427.82","Transport","2026-02-23","Net Banking","Transport Merchant","0","none"
"EXP0175","expense","527.19","Food","2026-02-23","Card","Food Merchant","0","none"
"EXP0019","expense","692.89","Groceries","2026-02-24","UPI","Groceries Merchant","0","none"
"EXP0065","expense","1382.67","Shopping","2026-02-24","Net Banking","Shopping Merchant","0","none"
"EXP0100","expense","156.62","Food","2026-02-24","Card","Food Merchant","0","none"
"EXP0146","expense","539.67","Food","2026-02-25","Card","Food Merchant","0","none"
"EXP0177","expense","1042.46","Entertainment","2026-02-25","Wallet","Entertainment Merchant","0","none"
"ANM0005","expense","10000","Healthcare","2026-02-25","Card","Healthcare Merchant","1","extreme_amount"
"INC0012","income","20433.28","Salary","2026-02-25","Bank Transfer","Employer","0","none"
"EXP0037","expense","1506.64","Utilities","2026-02-26","Net Banking","Utilities Merchant","0","none"
"EXP0144","expense","2886.35","Travel","2026-02-26","Wallet","Travel Merchant","0","none"
"EXP0031","expense","1243.28","Groceries","2026-02-27","Net Banking","Groceries Merchant","0","none"
"EXP0104","expense","413.18","Transport","2026-02-27","Net Banking","Transport Merchant","0","none"
"EXP0088","expense","2445.68","Travel","2026-02-28","Wallet","Travel Merchant","0","none"
"EXP0015","expense","443.29","Other","2026-03-02","UPI","Other Merchant","0","none"
"EXP0041","expense","797.13","Entertainment","2026-03-02","Wallet","Entertainment Merchant","0","none"
"EXP0046","expense","734.16","Healthcare","2026-03-02","Wallet","Healthcare Merchant","0","none"
"INC0013","income","22417.01","Salary","2026-03-02","Bank Transfer","Employer","0","none"
"EXP0070","expense","551.4","Groceries","2026-03-03","UPI","Groceries Merchant","0","none"
"EXP0098","expense","220.16","Transport","2026-03-03","Wallet","Transport Merchant","0","none"
"EXP0039","expense","1488.5","Groceries","2026-03-04","Cash","Groceries Merchant","0","none"
"EXP0058","expense","443.39","Entertainment","2026-03-04","UPI","Entertainment Merchant","0","none"
"ANM0006","expense","14000","Shopping","2026-03-04","Card","Shopping Merchant","1","unusual_category"
"EXP0064","expense","1372.06","Groceries","2026-03-05","Cash","Groceries Merchant","0","none"
"EXP0151","expense","2445.33","Shopping","2026-03-06","Card","Shopping Merchant","0","none"
"EXP0071","expense","2074.58","Healthcare","2026-03-07","Net Banking","Healthcare Merchant","0","none"
"EXP0157","expense","398.08","Transport","2026-03-07","Card","Transport Merchant","0","none"
"EXP0190","expense","464.86","Transport","2026-03-07","Cash","Transport Merchant","0","none"
"INC0014","income","8108.86","Salary","2026-03-07","Bank Transfer","Employer","0","none"
"EXP0059","expense","1187.49","Healthcare","2026-03-08","Net Banking","Healthcare Merchant","0","none"
"EXP0080","expense","2190.73","Shopping","2026-03-08","Net Banking","Shopping Merchant","0","none"
"EXP0006","expense","626.98","Other","2026-03-11","Card","Other Merchant","0","none"
"EXP0086","expense","271.88","Food","2026-03-11","Cash","Food Merchant","0","none"
"EXP0173","expense","1898.82","Education","2026-03-11","Card","Education Merchant","0","none"
"EXP0187","expense","1168.49","Groceries","2026-03-11","Cash","Groceries Merchant","0","none"
"EXP0040","expense","95.87","Transport","2026-03-12","UPI","Transport Merchant","0","none"
"EXP0143","expense","748.24","Entertainment","2026-03-12","UPI","Entertainment Merchant","0","none"
"EXP0161","expense","574.37","Food","2026-03-12","UPI","Food Merchant","0","none"
"EXP0186","expense","2198.01","Healthcare","2026-03-12","Net Banking","Healthcare Merchant","0","none"
"ANM0007","expense","9000","Education","2026-03-12","Card","Education Merchant","1","extreme_amount"
"INC0015","income","21596.01","Salary","2026-03-12","Bank Transfer","Employer","0","none"
"EXP0066","expense","226.85","Transport","2026-03-13","Net Banking","Transport Merchant","0","none"
"EXP0137","expense","258.51","Food","2026-03-13","Wallet","Food Merchant","0","none"
"EXP0111","expense","288.72","Transport","2026-03-14","Net Banking","Transport Merchant","0","none"
"EXP0170","expense","660.8","Entertainment","2026-03-14","Wallet","Entertainment Merchant","0","none"
"EXP0106","expense","311.89","Transport","2026-03-16","Cash","Transport Merchant","0","none"
"EXP0188","expense","347.71","Transport","2026-03-16","UPI","Transport Merchant","0","none"
"EXP0056","expense","1241.38","Groceries","2026-03-17","Net Banking","Groceries Merchant","0","none"
"EXP0068","expense","996.81","Education","2026-03-17","UPI","Education Merchant","0","none"
"EXP0181","expense","1168.45","Groceries","2026-03-17","UPI","Groceries Merchant","0","none"
"INC0016","income","19656.27","Salary","2026-03-17","Bank Transfer","Employer","0","none"
"EXP0069","expense","2492.15","Shopping","2026-03-18","Cash","Shopping Merchant","0","none"
"EXP0075","expense","422.3","Transport","2026-03-18","Wallet","Transport Merchant","0","none"
"EXP0109","expense","891.84","Groceries","2026-03-18","Wallet","Groceries Merchant","0","none"
"EXP0163","expense","1297.89","Bills","2026-03-18","Wallet","Bills Merchant","0","none"
"EXP0184","expense","392.5","Groceries","2026-03-18","UPI","Groceries Merchant","0","none"
"ANM0008","expense","8000","Food","2026-03-18","Card","Food Merchant","1","extreme_amount"
"EXP0004","expense","1455.26","Groceries","2026-03-19","UPI","Groceries Merchant","0","none"
"EXP0029","expense","319.01","Food","2026-03-19","Card","Food Merchant","0","none"
"EXP0105","expense","1241.04","Bills","2026-03-19","Wallet","Bills Merchant","0","none"
"EXP0110","expense","2738.96","Shopping","2026-03-19","Wallet","Shopping Merchant","0","none"
"EXP0005","expense","559.9","Bills","2026-03-20","UPI","Bills Merchant","0","none"
"EXP0034","expense","172.62","Transport","2026-03-20","Net Banking","Transport Merchant","0","none"
"EXP0156","expense","585.17","Food","2026-03-20","Cash","Food Merchant","0","none"
"EXP0050","expense","115.19","Transport","2026-03-21","Net Banking","Transport Merchant","0","none"
"EXP0085","expense","596.32","Bills","2026-03-21","Card","Bills Merchant","0","none"
"EXP0087","expense","159.51","Food","2026-03-21","Cash","Food Merchant","0","none"
"EXP0134","expense","193.81","Transport","2026-03-21","Cash","Transport Merchant","0","none"
"EXP0023","expense","2280.73","Bills","2026-03-22","Cash","Bills Merchant","0","none"
"EXP0081","expense","1032.62","Groceries","2026-03-22","Cash","Groceries Merchant","0","none"
"EXP0120","expense","2314.39","Bills","2026-03-22","Cash","Bills Merchant","0","none"
"INC0017","income","9332.67","Salary","2026-03-22","Bank Transfer","Employer","0","none"
"EXP0114","expense","582.58","Education","2026-03-23","UPI","Education Merchant","0","none"
"EXP0165","expense","537.51","Shopping","2026-03-23","Net Banking","Shopping Merchant","0","none"
"EXP0002","expense","554.79","Food","2026-03-24","Cash","Food Merchant","0","none"
"EXP0008","expense","1739.09","Healthcare","2026-03-24","Cash","Healthcare Merchant","0","none"
"EXP0149","expense","742.06","Entertainment","2026-03-24","UPI","Entertainment Merchant","0","none"
"EXP0010","expense","339.93","Utilities","2026-03-25","Wallet","Utilities Merchant","0","none"
"ANM0009","expense","16000","Travel","2026-03-25","Card","Travel Merchant","1","unusual_category"
"EXP0044","expense","344.03","Food","2026-03-26","UPI","Food Merchant","0","none"
"EXP0055","expense","357.8","Food","2026-03-26","Card","Food Merchant","0","none"
"EXP0147","expense","357.72","Transport","2026-03-26","Net Banking","Transport Merchant","0","none"
"EXP0052","expense","2261.15","Healthcare","2026-03-27","UPI","Healthcare Merchant","0","none"
"EXP0067","expense","492.86","Food","2026-03-27","Card","Food Merchant","0","none"
"EXP0121","expense","585.81","Food","2026-03-27","Card","Food Merchant","0","none"
"INC0018","income","13476.79","Salary","2026-03-27","Bank Transfer","Employer","0","none"
"EXP0038","expense","607.52","Utilities","2026-03-28","UPI","Utilities Merchant","0","none"
"EXP0084","expense","122.53","Food","2026-03-28","Net Banking","Food Merchant","0","none"
"EXP0082","expense","386.56","Transport","2026-03-29","Cash","Transport Merchant","0","none"
"EXP0166","expense","677.64","Utilities","2026-03-29","Net Banking","Utilities Merchant","0","none"
"ANM0010","expense","20000","Shopping","2026-03-29","Card","Shopping Merchant","1","extreme_amount"
"EXP0009","expense","1976.47","Healthcare","2026-03-30","Wallet","Healthcare Merchant","0","none"
"EXP0076","expense","376.82","Food","2026-03-30","UPI","Food Merchant","0","none"
"EXP0124","expense","1090.15","Education","2026-03-30","UPI","Education Merchant","0","none"
"EXP0153","expense","498.2","Food","2026-03-31","Cash","Food Merchant","0","none"
"INC0019","income","16372.14","Salary","2026-03-31","Bank Transfer","Employer","0","none"
"INC0020","income","7828.27","Salary","2026-03-31","Bank Transfer","Employer","0","none"